{
   "metadata" : {
      "creator" : "Rapid API C++",
      "inputNames" : [
         "inputs-1",
         "inputs-2",
         "inputs-3",
         "inputs-4",
         "inputs-5",
         "inputs-6"
      ],
      "numInputs" : 6,
      "numOutputs" : 1,
      "version" : "v0.1.1"
   },
   "modelSet" : [
      {
         "inBases" : [
            -0.11546823382377625,
            1.3376359045505524,
            1.2004319429397583,
            -0.21970276162028313,
            1.3732558488845825,
            1.3750386834144592
         ],
         "inRanges" : [
            0.052549555897712708,
            0.38425597548484802,
            0.22405290603637695,
            0.096774179488420486,
            0.32909095287322998,
            0.18947035074234009
         ],
         "inputNames" : [
            "inputs-1",
            "inputs-2",
            "inputs-3",
            "inputs-4",
            "inputs-5",
            "inputs-6"
         ],
         "modelType" : "Neural Network",
         "nodes" : [
            {
               "Node 1" : -0.36714603557706799,
               "Node 2" : -2.3205057735942107,
               "Node 3" : -0.1708625409123673,
               "Node 4" : 0.39735969825167616,
               "Node 5" : 0.17050938770075791,
               "Node 6" : 0.28507072276308909,
               "Threshold" : 1.1477012352089984,
               "name" : "Linear Node 0"
            },
            {
               "Attrib inputs-1" : -0.38461697559626123,
               "Attrib inputs-2" : -0.086482749978220849,
               "Attrib inputs-3" : 0.34786113324810686,
               "Attrib inputs-4" : -0.18801384542183039,
               "Attrib inputs-5" : -0.83995378663782017,
               "Attrib inputs-6" : 0.18213374404643534,
               "Threshold" : -1.0550610503130171,
               "name" : "Sigmoid Node 1"
            },
            {
               "Attrib inputs-1" : 0.67716485797121206,
               "Attrib inputs-2" : 0.54579155966397452,
               "Attrib inputs-3" : -0.15883446749942887,
               "Attrib inputs-4" : 5.0469984254880282,
               "Attrib inputs-5" : 0.26699057746778188,
               "Attrib inputs-6" : 0.87166888639917972,
               "Threshold" : 2.3256436172033572,
               "name" : "Sigmoid Node 2"
            },
            {
               "Attrib inputs-1" : -0.55767160461513288,
               "Attrib inputs-2" : -0.86581807866429072,
               "Attrib inputs-3" : -0.41854597794596271,
               "Attrib inputs-4" : 0.073452164951588128,
               "Attrib inputs-5" : -0.28094892267901933,
               "Attrib inputs-6" : 0.32325856022112553,
               "Threshold" : -0.79246599411035923,
               "name" : "Sigmoid Node 3"
            },
            {
               "Attrib inputs-1" : -0.14978220218502389,
               "Attrib inputs-2" : -0.31298738476486149,
               "Attrib inputs-3" : 0.15320684917232794,
               "Attrib inputs-4" : 0.39843199399747681,
               "Attrib inputs-5" : 0.050010803120421658,
               "Attrib inputs-6" : 0.027275393934309399,
               "Threshold" : -0.90176596406385101,
               "name" : "Sigmoid Node 4"
            },
            {
               "Attrib inputs-1" : -0.14039526967401914,
               "Attrib inputs-2" : -0.11441265793205434,
               "Attrib inputs-3" : 0.35700941951783938,
               "Attrib inputs-4" : 0.2065153018681978,
               "Attrib inputs-5" : 0.61118729494220836,
               "Attrib inputs-6" : -0.74175159583558492,
               "Threshold" : -0.63153038076244361,
               "name" : "Sigmoid Node 5"
            },
            {
               "Attrib inputs-1" : 0.031786450801209357,
               "Attrib inputs-2" : -0.27517260599463345,
               "Attrib inputs-3" : 0.56550176359077386,
               "Attrib inputs-4" : 0.10296029669780064,
               "Attrib inputs-5" : 0.38656506100197058,
               "Attrib inputs-6" : -0.34558864558158975,
               "Threshold" : -1.0522023272787053,
               "name" : "Sigmoid Node 6"
            }
         ],
         "numHiddenLayers" : 1,
         "numHiddenNodes" : 6,
         "numHiddenOutputs" : 1,
         "numInputs" : 6,
         "outBase" : 0.5,
         "outRange" : 0.5,
         "whichInputs" : [ 0, 1, 2, 3, 4, 5 ]
      }
   ]
}
