{
   "metadata" : {
      "creator" : "Rapid API C++",
      "inputNames" : [
         "inputs-1",
         "inputs-2",
         "inputs-3",
         "inputs-4",
         "inputs-5",
         "inputs-6"
      ],
      "numInputs" : 6,
      "numOutputs" : 1,
      "version" : "v0.1.1"
   },
   "modelSet" : [
      {
         "inBases" : [
            -0.10423998907208443,
            1.6398346424102783,
            1.2344160079956055,
            -0.19683941081166267,
            1.7100279331207275,
            1.4286376237869263
         ],
         "inRanges" : [
            0.076634552329778671,
            0.12714028358459473,
            0.19970595836639404,
            0.090552221983671188,
            0.08485102653503418,
            0.18296372890472412
         ],
         "inputNames" : [
            "inputs-1",
            "inputs-2",
            "inputs-3",
            "inputs-4",
            "inputs-5",
            "inputs-6"
         ],
         "modelType" : "Neural Network",
         "nodes" : [
            {
               "Node 1" : 0.21290242701928533,
               "Node 2" : -1.719033654413523,
               "Node 3" : -1.58919824686602,
               "Node 4" : -0.95452929514176521,
               "Node 5" : 1.7601244089373107,
               "Node 6" : -0.78673572252456891,
               "Threshold" : 0.98934250242784239,
               "name" : "Linear Node 0"
            },
            {
               "Attrib inputs-1" : 0.028010504145505894,
               "Attrib inputs-2" : 0.32277610766695342,
               "Attrib inputs-3" : 0.30943301737477308,
               "Attrib inputs-4" : 0.29038217479573647,
               "Attrib inputs-5" : -0.28736146655361178,
               "Attrib inputs-6" : -0.24429240433030497,
               "Threshold" : -2.1464181833961491,
               "name" : "Sigmoid Node 1"
            },
            {
               "Attrib inputs-1" : 3.1774238168398186,
               "Attrib inputs-2" : -0.040830793166499083,
               "Attrib inputs-3" : 4.7338164236218292,
               "Attrib inputs-4" : 4.8695331800925485,
               "Attrib inputs-5" : -3.0731604936425967,
               "Attrib inputs-6" : 3.6962194288384773,
               "Threshold" : -0.044214531634101328,
               "name" : "Sigmoid Node 2"
            },
            {
               "Attrib inputs-1" : -3.3191884804846885,
               "Attrib inputs-2" : 3.1011513796344516,
               "Attrib inputs-3" : -2.7782123837512716,
               "Attrib inputs-4" : 0.72120055751513301,
               "Attrib inputs-5" : 1.5844171455784002,
               "Attrib inputs-6" : -1.7300449324637606,
               "Threshold" : 0.78444772066379787,
               "name" : "Sigmoid Node 3"
            },
            {
               "Attrib inputs-1" : -1.0724266166331573,
               "Attrib inputs-2" : -0.75249226046112627,
               "Attrib inputs-3" : 0.69742726505247488,
               "Attrib inputs-4" : -0.097202037448611847,
               "Attrib inputs-5" : 1.4975362547128062,
               "Attrib inputs-6" : 0.13705022149783216,
               "Threshold" : -2.1004021990741286,
               "name" : "Sigmoid Node 4"
            },
            {
               "Attrib inputs-1" : -3.9109159755338316,
               "Attrib inputs-2" : 1.3609018135599549,
               "Attrib inputs-3" : -0.76173819254254949,
               "Attrib inputs-4" : -3.4037658606206258,
               "Attrib inputs-5" : -0.54086249327567471,
               "Attrib inputs-6" : -0.25103769719440239,
               "Threshold" : -5.5858335394697374,
               "name" : "Sigmoid Node 5"
            },
            {
               "Attrib inputs-1" : -0.98699499903312737,
               "Attrib inputs-2" : -1.0910414416362197,
               "Attrib inputs-3" : -0.30672327154857776,
               "Attrib inputs-4" : -0.58593455678593509,
               "Attrib inputs-5" : 0.70528013679428081,
               "Attrib inputs-6" : -1.3811639573561729,
               "Threshold" : -2.6842301071545758,
               "name" : "Sigmoid Node 6"
            }
         ],
         "numHiddenLayers" : 1,
         "numHiddenNodes" : 6,
         "numHiddenOutputs" : 1,
         "numInputs" : 6,
         "outBase" : 0.5,
         "outRange" : 0.5,
         "whichInputs" : [ 0, 1, 2, 3, 4, 5 ]
      }
   ]
}
