{
   "metadata" : {
      "creator" : "Rapid API C++",
      "inputNames" : [
         "inputs-1",
         "inputs-2",
         "inputs-3",
         "inputs-4",
         "inputs-5",
         "inputs-6"
      ],
      "numInputs" : 6,
      "numOutputs" : 1,
      "version" : "v0.1.1"
   },
   "modelSet" : [
      {
         "inBases" : [
            -0.092464301735162735,
            1.0116315186023712,
            1.0892664194107056,
            -0.24615569412708282,
            1.0809091925621033,
            1.2504246234893799
         ],
         "inRanges" : [
            0.020558346062898636,
            0.05825158953666687,
            0.033019423484802246,
            0.046263322234153748,
            0.036744296550750732,
            0.049347877502441406
         ],
         "inputNames" : [
            "inputs-1",
            "inputs-2",
            "inputs-3",
            "inputs-4",
            "inputs-5",
            "inputs-6"
         ],
         "modelType" : "Neural Network",
         "nodes" : [
            {
               "Node 1" : -0.97879070662768075,
               "Node 2" : -0.64039903970240164,
               "Node 3" : -0.26987111498822119,
               "Node 4" : -0.17917573972497045,
               "Node 5" : 0.65069825346156074,
               "Node 6" : 0.59948816775162406,
               "Threshold" : 0.45018097740207913,
               "name" : "Linear Node 0"
            },
            {
               "Attrib inputs-1" : -0.13494328754557725,
               "Attrib inputs-2" : -0.2465082911396162,
               "Attrib inputs-3" : 0.81514456422772574,
               "Attrib inputs-4" : 0.29809887699905296,
               "Attrib inputs-5" : -0.81030924409987426,
               "Attrib inputs-6" : 0.60084171297539457,
               "Threshold" : -0.20150519581671988,
               "name" : "Sigmoid Node 1"
            },
            {
               "Attrib inputs-1" : 0.72197428651842677,
               "Attrib inputs-2" : -0.093940320393400847,
               "Attrib inputs-3" : 0.87017856319027775,
               "Attrib inputs-4" : 0.80449448289144543,
               "Attrib inputs-5" : -0.14112482806207741,
               "Attrib inputs-6" : 0.20357368774529089,
               "Threshold" : 0.14603860839851998,
               "name" : "Sigmoid Node 2"
            },
            {
               "Attrib inputs-1" : -0.26320524343049451,
               "Attrib inputs-2" : -0.59736618970841637,
               "Attrib inputs-3" : -0.38390270391897491,
               "Attrib inputs-4" : 0.23297720010228756,
               "Attrib inputs-5" : 0.26204670409151104,
               "Attrib inputs-6" : 0.094831799923991808,
               "Threshold" : 0.12416540682271687,
               "name" : "Sigmoid Node 3"
            },
            {
               "Attrib inputs-1" : -0.17938383184900894,
               "Attrib inputs-2" : -0.39151387674009469,
               "Attrib inputs-3" : 0.19728455714855681,
               "Attrib inputs-4" : -0.0053403874667354717,
               "Attrib inputs-5" : 0.12415280347587068,
               "Attrib inputs-6" : 0.069098518313481461,
               "Threshold" : -0.21564414817621114,
               "name" : "Sigmoid Node 4"
            },
            {
               "Attrib inputs-1" : -0.35920595574920849,
               "Attrib inputs-2" : 0.033510693873817381,
               "Attrib inputs-3" : 0.24219766847208882,
               "Attrib inputs-4" : -0.4200182698164775,
               "Attrib inputs-5" : 0.63116509080731098,
               "Attrib inputs-6" : -0.54754752696034059,
               "Threshold" : 0.24063206555694031,
               "name" : "Sigmoid Node 5"
            },
            {
               "Attrib inputs-1" : 0.3701237050960467,
               "Attrib inputs-2" : -0.15526637628282106,
               "Attrib inputs-3" : 0.24402719195834993,
               "Attrib inputs-4" : -0.23211153413201185,
               "Attrib inputs-5" : 0.41702467609187083,
               "Attrib inputs-6" : -0.5761417514416467,
               "Threshold" : -0.46126756068724761,
               "name" : "Sigmoid Node 6"
            }
         ],
         "numHiddenLayers" : 1,
         "numHiddenNodes" : 6,
         "numHiddenOutputs" : 1,
         "numInputs" : 6,
         "outBase" : 0.5,
         "outRange" : 0.5,
         "whichInputs" : [ 0, 1, 2, 3, 4, 5 ]
      }
   ]
}
