{
   "metadata" : {
      "creator" : "Rapid API C++",
      "inputNames" : [ "inputs-1", "inputs-2", "inputs-3" ],
      "numInputs" : 3,
      "numOutputs" : 1,
      "version" : "v0.1.1"
   },
   "modelSet" : [
      {
         "inBases" : [ 0, 1.8509052991867065, 0 ],
         "inRanges" : [ 1, 0.034294724464416504, 1 ],
         "inputNames" : [ "inputs-1", "inputs-2", "inputs-3" ],
         "modelType" : "Neural Network",
         "nodes" : [
            {
               "Node 1" : -0.65378183271064927,
               "Node 2" : 2.2494461014754399,
               "Node 3" : 0.0037297021507983808,
               "Threshold" : -0.88194755914541523,
               "name" : "Linear Node 0"
            },
            {
               "Attrib inputs-1" : -0.3645229957032195,
               "Attrib inputs-2" : 0.60316033777720268,
               "Attrib inputs-3" : 0.46886777112423139,
               "Threshold" : -0.79520832512241846,
               "name" : "Sigmoid Node 1"
            },
            {
               "Attrib inputs-1" : -0.19183294949299673,
               "Attrib inputs-2" : 4.8150395166271043,
               "Attrib inputs-3" : -0.3116180239528189,
               "Threshold" : -1.3234491850720584,
               "name" : "Sigmoid Node 2"
            },
            {
               "Attrib inputs-1" : 0.4964613255480087,
               "Attrib inputs-2" : 2.4242126392238479,
               "Attrib inputs-3" : 0.22583896321188968,
               "Threshold" : -1.3412833006590621,
               "name" : "Sigmoid Node 3"
            }
         ],
         "numHiddenLayers" : 1,
         "numHiddenNodes" : 3,
         "numHiddenOutputs" : 1,
         "numInputs" : 3,
         "outBase" : 0.5,
         "outRange" : 0.5,
         "whichInputs" : [ 0, 1, 2 ]
      }
   ]
}
