{
   "metadata" : {
      "creator" : "Rapid API C++",
      "inputNames" : [ "inputs-1", "inputs-2", "inputs-3" ],
      "numInputs" : 3,
      "numOutputs" : 1,
      "version" : "v0.1.1"
   },
   "modelSet" : [
      {
         "inBases" : [ 0, 1.380625307559967, 0 ],
         "inRanges" : [ 1, 0.058880507946014404, 1 ],
         "inputNames" : [ "inputs-1", "inputs-2", "inputs-3" ],
         "modelType" : "Neural Network",
         "nodes" : [
            {
               "Node 1" : -0.3323552848755445,
               "Node 2" : 1.5444622575789719,
               "Node 3" : 1.1311938034912223,
               "Threshold" : -1.1431624400263893,
               "name" : "Linear Node 0"
            },
            {
               "Attrib inputs-1" : -0.3645229957032195,
               "Attrib inputs-2" : -0.13785618505492453,
               "Attrib inputs-3" : 0.46886777112423139,
               "Threshold" : -0.63642409130996502,
               "name" : "Sigmoid Node 1"
            },
            {
               "Attrib inputs-1" : -0.19183294949299673,
               "Attrib inputs-2" : 2.2739922602365614,
               "Attrib inputs-3" : -0.3116180239528189,
               "Threshold" : -0.19430918671526776,
               "name" : "Sigmoid Node 2"
            },
            {
               "Attrib inputs-1" : 0.4964613255480087,
               "Attrib inputs-2" : 1.8286022945348488,
               "Attrib inputs-3" : 0.22583896321188968,
               "Threshold" : -0.19598833547721747,
               "name" : "Sigmoid Node 3"
            }
         ],
         "numHiddenLayers" : 1,
         "numHiddenNodes" : 3,
         "numHiddenOutputs" : 1,
         "numInputs" : 3,
         "outBase" : 0.5,
         "outRange" : 0.5,
         "whichInputs" : [ 0, 1, 2 ]
      }
   ]
}
