{
   "metadata" : {
      "creator" : "Rapid API C++",
      "inputNames" : [ "inputs-1", "inputs-2", "inputs-3" ],
      "numInputs" : 3,
      "numOutputs" : 1,
      "version" : "v0.1.1"
   },
   "modelSet" : [
      {
         "inBases" : [ 0.041437235660851002, 1.3649514317512512, 1.2163898348808289 ],
         "inRanges" : [ 0.011547873727977276, 0.03496628999710083, 0.16835278272628784 ],
         "inputNames" : [ "inputs-1", "inputs-2", "inputs-3" ],
         "modelType" : "Neural Network",
         "nodes" : [
            {
               "Node 1" : -1.3922528721914837,
               "Node 2" : 1.2770448951167233,
               "Node 3" : -0.29320321554205725,
               "Threshold" : 0.24333153416422382,
               "name" : "Linear Node 0"
            },
            {
               "Attrib inputs-1" : -0.83969548678800565,
               "Attrib inputs-2" : 1.0001615282249148,
               "Attrib inputs-3" : 1.6313655819172859,
               "Threshold" : 0.39563163351358799,
               "name" : "Sigmoid Node 1"
            },
            {
               "Attrib inputs-1" : -0.24611726801740949,
               "Attrib inputs-2" : -0.12309002097910191,
               "Attrib inputs-3" : -1.4323609788181382,
               "Threshold" : -0.064419529992099989,
               "name" : "Sigmoid Node 2"
            },
            {
               "Attrib inputs-1" : 0.70460315742086443,
               "Attrib inputs-2" : 0.2677595187329801,
               "Attrib inputs-3" : 0.25715383760022409,
               "Threshold" : 0.20662976715248899,
               "name" : "Sigmoid Node 3"
            }
         ],
         "numHiddenLayers" : 1,
         "numHiddenNodes" : 3,
         "numHiddenOutputs" : 1,
         "numInputs" : 3,
         "outBase" : 0.5,
         "outRange" : 0.5,
         "whichInputs" : [ 0, 1, 2 ]
      }
   ]
}
