{
   "metadata" : {
      "creator" : "Rapid API C++",
      "inputNames" : [ "inputs-1", "inputs-2", "inputs-3" ],
      "numInputs" : 3,
      "numOutputs" : 1,
      "version" : "v0.1.1"
   },
   "modelSet" : [
      {
         "inBases" : [ 0.026847059838473797, 1.8718928694725037, 1.4073405265808105 ],
         "inRanges" : [ 0.0090851420536637306, 0.044840514659881592, 0.13245570659637451 ],
         "inputNames" : [ "inputs-1", "inputs-2", "inputs-3" ],
         "modelType" : "Neural Network",
         "nodes" : [
            {
               "Node 1" : -2.4816162070881003,
               "Node 2" : 0.53024127493791062,
               "Node 3" : 0.96786430488466668,
               "Threshold" : 0.51069903337959344,
               "name" : "Linear Node 0"
            },
            {
               "Attrib inputs-1" : -1.2017324491580468,
               "Attrib inputs-2" : 2.0928704233768185,
               "Attrib inputs-3" : 5.0278327052603755,
               "Threshold" : -2.4661228740695895,
               "name" : "Sigmoid Node 1"
            },
            {
               "Attrib inputs-1" : -0.26876767834843829,
               "Attrib inputs-2" : -0.018406113755731958,
               "Attrib inputs-3" : -1.4368281812255337,
               "Threshold" : 0.66821229969637597,
               "name" : "Sigmoid Node 2"
            },
            {
               "Attrib inputs-1" : -0.30275886987263556,
               "Attrib inputs-2" : 1.4592231156595998,
               "Attrib inputs-3" : 0.72003067102048024,
               "Threshold" : -0.92853694406602949,
               "name" : "Sigmoid Node 3"
            }
         ],
         "numHiddenLayers" : 1,
         "numHiddenNodes" : 3,
         "numHiddenOutputs" : 1,
         "numInputs" : 3,
         "outBase" : 0.5,
         "outRange" : 0.5,
         "whichInputs" : [ 0, 1, 2 ]
      }
   ]
}
