{
   "metadata" : {
      "creator" : "Rapid API C++",
      "inputNames" : [
         "inputs-1",
         "inputs-2",
         "inputs-3",
         "inputs-4",
         "inputs-5",
         "inputs-6",
         "inputs-1",
         "inputs-2",
         "inputs-3",
         "inputs-4",
         "inputs-5",
         "inputs-6",
         "inputs-1",
         "inputs-2",
         "inputs-3",
         "inputs-4",
         "inputs-5",
         "inputs-6"
      ],
      "numInputs" : 6,
      "numOutputs" : 1,
      "version" : "v0.1.1"
   },
   "modelSet" : [
      {
         "inBases" : [
            -0.15323591232299805,
            1.0646820962429047,
            1.0034047216176987,
            -0.1978793628513813,
            1.1546211242675781,
            1.0469351410865784
         ],
         "inRanges" : [
            0.32952579855918884,
            0.15368416905403137,
            0.61044956743717194,
            0.2370058111846447,
            0.1302788257598877,
            0.46674841642379761
         ],
         "inputNames" : [
            "inputs-1",
            "inputs-2",
            "inputs-3",
            "inputs-4",
            "inputs-5",
            "inputs-6",
            "inputs-1",
            "inputs-2",
            "inputs-3",
            "inputs-4",
            "inputs-5",
            "inputs-6",
            "inputs-1",
            "inputs-2",
            "inputs-3",
            "inputs-4",
            "inputs-5",
            "inputs-6"
         ],
         "modelType" : "Neural Network",
         "nodes" : [
            {
               "Node 1" : -3.0442037594662978,
               "Node 2" : -1.107553961740402,
               "Node 3" : -1.2502744657898366,
               "Node 4" : -0.73896373528198811,
               "Node 5" : 0.74519870175780445,
               "Node 6" : 0.25650264154273578,
               "Threshold" : 2.2255696594046634,
               "name" : "Linear Node 0"
            },
            {
               "Attrib inputs-1" : -5.1188164090890762,
               "Attrib inputs-2" : -0.17344971097813477,
               "Attrib inputs-3" : -1.4828576819466317,
               "Attrib inputs-4" : 6.7370689728997251,
               "Attrib inputs-5" : -6.8454351434007412,
               "Attrib inputs-6" : 1.2997837278432955,
               "Threshold" : -0.082421304720851782,
               "name" : "Sigmoid Node 1"
            },
            {
               "Attrib inputs-1" : -1.2707617058146097,
               "Attrib inputs-2" : -1.5517565566781069,
               "Attrib inputs-3" : 0.49582549798607595,
               "Attrib inputs-4" : 3.4064622970855041,
               "Attrib inputs-5" : 0.66940165226772763,
               "Attrib inputs-6" : -0.67931174497442304,
               "Threshold" : -1.3481076511620802,
               "name" : "Sigmoid Node 2"
            },
            {
               "Attrib inputs-1" : -2.5064301665947641,
               "Attrib inputs-2" : 2.6787168076324557,
               "Attrib inputs-3" : -1.130874721259002,
               "Attrib inputs-4" : 2.149807653422803,
               "Attrib inputs-5" : 5.2587086041358466,
               "Attrib inputs-6" : -1.1990034533993725,
               "Threshold" : -0.92000009641754643,
               "name" : "Sigmoid Node 3"
            },
            {
               "Attrib inputs-1" : 0.5452236396651271,
               "Attrib inputs-2" : -0.2437287117257993,
               "Attrib inputs-3" : 0.5152559698099648,
               "Attrib inputs-4" : 1.4648520517692101,
               "Attrib inputs-5" : 0.64077298946858485,
               "Attrib inputs-6" : -0.11709031706652444,
               "Threshold" : -1.4264734737347187,
               "name" : "Sigmoid Node 4"
            },
            {
               "Attrib inputs-1" : 1.5317145952020603,
               "Attrib inputs-2" : -1.1196127826335758,
               "Attrib inputs-3" : 1.283598524267221,
               "Attrib inputs-4" : -0.49331291239450437,
               "Attrib inputs-5" : -0.14883388195440328,
               "Attrib inputs-6" : -0.031361764240751613,
               "Threshold" : -1.9718549529869203,
               "name" : "Sigmoid Node 5"
            },
            {
               "Attrib inputs-1" : 1.2508611603542876,
               "Attrib inputs-2" : -0.9759517726083029,
               "Attrib inputs-3" : 0.76619390279838595,
               "Attrib inputs-4" : 0.19941396636307462,
               "Attrib inputs-5" : 0.26295580842854022,
               "Attrib inputs-6" : -0.35608902047072799,
               "Threshold" : -2.1403608385855923,
               "name" : "Sigmoid Node 6"
            }
         ],
         "numHiddenLayers" : 1,
         "numHiddenNodes" : 6,
         "numHiddenOutputs" : 1,
         "numInputs" : 6,
         "outBase" : 0.5,
         "outRange" : 0.5,
         "whichInputs" : [ 0, 1, 2, 3, 4, 5 ]
      }
   ]
}
