{
   "metadata" : {
      "creator" : "Rapid API C++",
      "inputNames" : [
         "inputs-1",
         "inputs-2",
         "inputs-3",
         "inputs-1",
         "inputs-2",
         "inputs-3",
         "inputs-1",
         "inputs-2",
         "inputs-3",
         "inputs-1",
         "inputs-2",
         "inputs-3"
      ],
      "numInputs" : 3,
      "numOutputs" : 1,
      "version" : "v0.1.1"
   },
   "modelSet" : [
      {
         "inBases" : [ 0, 1.2320812344551086, 0 ],
         "inRanges" : [ 1, 0.083545267581939697, 1 ],
         "inputNames" : [
            "inputs-1",
            "inputs-2",
            "inputs-3",
            "inputs-1",
            "inputs-2",
            "inputs-3",
            "inputs-1",
            "inputs-2",
            "inputs-3",
            "inputs-1",
            "inputs-2",
            "inputs-3"
         ],
         "modelType" : "Neural Network",
         "nodes" : [
            {
               "Node 1" : -0.37675059583129777,
               "Node 2" : 1.7017419742293887,
               "Node 3" : 1.0189939160936397,
               "Threshold" : -0.96671715437871875,
               "name" : "Linear Node 0"
            },
            {
               "Attrib inputs-1" : -0.3645229957032195,
               "Attrib inputs-2" : 0.27186523093591003,
               "Attrib inputs-3" : 0.46886777112423139,
               "Threshold" : -0.67726404671301654,
               "name" : "Sigmoid Node 1"
            },
            {
               "Attrib inputs-1" : -0.19183294949299673,
               "Attrib inputs-2" : 2.8546524971232712,
               "Attrib inputs-3" : -0.3116180239528189,
               "Threshold" : -1.3197423864193003,
               "name" : "Sigmoid Node 2"
            },
            {
               "Attrib inputs-1" : 0.4964613255480087,
               "Attrib inputs-2" : 2.259220029941603,
               "Attrib inputs-3" : 0.22583896321188968,
               "Threshold" : -1.1730150497330951,
               "name" : "Sigmoid Node 3"
            }
         ],
         "numHiddenLayers" : 1,
         "numHiddenNodes" : 3,
         "numHiddenOutputs" : 1,
         "numInputs" : 3,
         "outBase" : 0.5,
         "outRange" : 0.5,
         "whichInputs" : [ 0, 1, 2 ]
      }
   ]
}
