{
   "metadata" : {
      "creator" : "Rapid API C++",
      "inputNames" : [
         "inputs-1",
         "inputs-2",
         "inputs-3",
         "inputs-1",
         "inputs-2",
         "inputs-3",
         "inputs-1",
         "inputs-2",
         "inputs-3"
      ],
      "numInputs" : 3,
      "numOutputs" : 1,
      "version" : "v0.1.1"
   },
   "modelSet" : [
      {
         "inBases" : [ 0, 1.2140712738037109, 0 ],
         "inRanges" : [ 1, 0.17407131195068359, 1 ],
         "inputNames" : [
            "inputs-1",
            "inputs-2",
            "inputs-3",
            "inputs-1",
            "inputs-2",
            "inputs-3",
            "inputs-1",
            "inputs-2",
            "inputs-3"
         ],
         "modelType" : "Neural Network",
         "nodes" : [
            {
               "Node 1" : -1.6237602185222784,
               "Node 2" : 2.492239475912823,
               "Node 3" : 0.16747154247284823,
               "Threshold" : 1.0517067234187267,
               "name" : "Linear Node 0"
            },
            {
               "Attrib inputs-1" : -0.3645229957032195,
               "Attrib inputs-2" : 9.4684700787130396,
               "Attrib inputs-3" : 0.46886777112423139,
               "Threshold" : -0.84206096980069456,
               "name" : "Sigmoid Node 1"
            },
            {
               "Attrib inputs-1" : -0.19183294949299673,
               "Attrib inputs-2" : 9.3004051024295791,
               "Attrib inputs-3" : -0.3116180239528189,
               "Threshold" : -5.320279769350396,
               "name" : "Sigmoid Node 2"
            },
            {
               "Attrib inputs-1" : 0.4964613255480087,
               "Attrib inputs-2" : 2.5288878075903223,
               "Attrib inputs-3" : 0.22583896321188968,
               "Threshold" : -5.3459544969598847,
               "name" : "Sigmoid Node 3"
            }
         ],
         "numHiddenLayers" : 1,
         "numHiddenNodes" : 3,
         "numHiddenOutputs" : 1,
         "numInputs" : 3,
         "outBase" : 0.5,
         "outRange" : 0.5,
         "whichInputs" : [ 0, 1, 2 ]
      }
   ]
}
