{
   "metadata" : {
      "creator" : "Rapid API C++",
      "inputNames" : [
         "inputs-1",
         "inputs-2",
         "inputs-3",
         "inputs-4",
         "inputs-5",
         "inputs-6",
         "inputs-1",
         "inputs-2",
         "inputs-3",
         "inputs-4",
         "inputs-5",
         "inputs-6"
      ],
      "numInputs" : 6,
      "numOutputs" : 1,
      "version" : "v0.1.1"
   },
   "modelSet" : [
      {
         "inBases" : [
            -0.26389480940997601,
            1.1820646226406097,
            1.3655960857868195,
            -0.29322583600878716,
            1.3014834821224213,
            1.545055091381073
         ],
         "inRanges" : [
            0.20690952427685261,
            0.42034009099006653,
            0.54407605528831482,
            0.20589270070195198,
            0.46845296025276184,
            0.51353913545608521
         ],
         "inputNames" : [
            "inputs-1",
            "inputs-2",
            "inputs-3",
            "inputs-4",
            "inputs-5",
            "inputs-6",
            "inputs-1",
            "inputs-2",
            "inputs-3",
            "inputs-4",
            "inputs-5",
            "inputs-6"
         ],
         "modelType" : "Neural Network",
         "nodes" : [
            {
               "Node 1" : -3.3462712555984653,
               "Node 2" : 2.2303048005037933,
               "Node 3" : -2.5542283822120844,
               "Node 4" : -0.11024233381961759,
               "Node 5" : 0.2526603290145461,
               "Node 6" : 0.64066869874578558,
               "Threshold" : 1.4824020616827229,
               "name" : "Linear Node 0"
            },
            {
               "Attrib inputs-1" : -1.8118413013764838,
               "Attrib inputs-2" : -0.35254078954217855,
               "Attrib inputs-3" : -0.58861441128798697,
               "Attrib inputs-4" : -2.3679299673433043,
               "Attrib inputs-5" : -0.62663442515418621,
               "Attrib inputs-6" : -1.0865325222405069,
               "Threshold" : -2.9217627884397617,
               "name" : "Sigmoid Node 1"
            },
            {
               "Attrib inputs-1" : -0.099368957770339633,
               "Attrib inputs-2" : -1.5731453415745527,
               "Attrib inputs-3" : -0.25995691525933062,
               "Attrib inputs-4" : 1.6170403760716436,
               "Attrib inputs-5" : -0.82886314528507521,
               "Attrib inputs-6" : -1.0926309897410083,
               "Threshold" : -3.0980651937124386,
               "name" : "Sigmoid Node 2"
            },
            {
               "Attrib inputs-1" : 2.8228225836088505,
               "Attrib inputs-2" : 0.7561169592238951,
               "Attrib inputs-3" : 3.681741664116696,
               "Attrib inputs-4" : 8.7849901470956127,
               "Attrib inputs-5" : 1.5431243962925751,
               "Attrib inputs-6" : 4.6365070552917764,
               "Threshold" : -0.0016705592847379295,
               "name" : "Sigmoid Node 3"
            },
            {
               "Attrib inputs-1" : -0.36531482457293368,
               "Attrib inputs-2" : 0.014418834097338695,
               "Attrib inputs-3" : 0.12747142828320163,
               "Attrib inputs-4" : 0.47255187859996195,
               "Attrib inputs-5" : 0.64496024062518942,
               "Attrib inputs-6" : -0.10850871784808852,
               "Threshold" : -2.169406243872023,
               "name" : "Sigmoid Node 4"
            },
            {
               "Attrib inputs-1" : -0.5765894929946378,
               "Attrib inputs-2" : -0.48616321893240932,
               "Attrib inputs-3" : 0.74687124346304623,
               "Attrib inputs-4" : 0.51945173130955147,
               "Attrib inputs-5" : 0.20203843548146058,
               "Attrib inputs-6" : 0.018130598789455356,
               "Threshold" : -1.694772757268272,
               "name" : "Sigmoid Node 5"
            },
            {
               "Attrib inputs-1" : -0.56219992494533877,
               "Attrib inputs-2" : -0.80981313269944255,
               "Attrib inputs-3" : 0.75144946407594237,
               "Attrib inputs-4" : 0.14809300655318294,
               "Attrib inputs-5" : -0.1907924929649554,
               "Attrib inputs-6" : 0.12174384106982124,
               "Threshold" : -1.7591970302092876,
               "name" : "Sigmoid Node 6"
            }
         ],
         "numHiddenLayers" : 1,
         "numHiddenNodes" : 6,
         "numHiddenOutputs" : 1,
         "numInputs" : 6,
         "outBase" : 0.5,
         "outRange" : 0.5,
         "whichInputs" : [ 0, 1, 2, 3, 4, 5 ]
      }
   ]
}
