{
   "metadata" : {
      "creator" : "Rapid API C++",
      "inputNames" : [
         "inputs-1",
         "inputs-2",
         "inputs-3",
         "inputs-1",
         "inputs-2",
         "inputs-3"
      ],
      "numInputs" : 3,
      "numOutputs" : 1,
      "version" : "v0.1.1"
   },
   "modelSet" : [
      {
         "inBases" : [ 0.15210774540901184, 1.2039783596992493, 0.93603923916816711 ],
         "inRanges" : [ 0.018811747431755066, 0.016112029552459717, 0.17289337515830994 ],
         "inputNames" : [
            "inputs-1",
            "inputs-2",
            "inputs-3",
            "inputs-1",
            "inputs-2",
            "inputs-3"
         ],
         "modelType" : "Neural Network",
         "nodes" : [
            {
               "Node 1" : -1.4965182706474753,
               "Node 2" : 1.3503570565035137,
               "Node 3" : -0.069918041898591202,
               "Threshold" : 0.093770902644910434,
               "name" : "Linear Node 0"
            },
            {
               "Attrib inputs-1" : -0.87271533446454619,
               "Attrib inputs-2" : 0.40998495982103766,
               "Attrib inputs-3" : 1.9355634582803896,
               "Threshold" : 0.42935230152710008,
               "name" : "Sigmoid Node 1"
            },
            {
               "Attrib inputs-1" : -0.20191304554602121,
               "Attrib inputs-2" : 0.23861597267270673,
               "Attrib inputs-3" : -1.4601526316351188,
               "Threshold" : 0.23920342965669134,
               "name" : "Sigmoid Node 2"
            },
            {
               "Attrib inputs-1" : 0.51420117503716856,
               "Attrib inputs-2" : 0.42764520988840998,
               "Attrib inputs-3" : 0.25940652232126038,
               "Threshold" : 0.19981354940487198,
               "name" : "Sigmoid Node 3"
            }
         ],
         "numHiddenLayers" : 1,
         "numHiddenNodes" : 3,
         "numHiddenOutputs" : 1,
         "numInputs" : 3,
         "outBase" : 0.5,
         "outRange" : 0.5,
         "whichInputs" : [ 0, 1, 2 ]
      }
   ]
}
